"","vars","n","mean","sd","median","trimmed","mad","min","max","range","skew","kurtosis","se"
"iBIPOC_pr",1,28,0.428571428571429,0.405539247334642,0.333333333333333,0.416666666666667,0.494199999999999,0,1,1,0.407150010617538,-1.46697237265196,0.0766397139516983
"cmBlack",2,30,7.06666666666667,7.82098562151562,5,5.875,7.413,0,25,25,1.07869683109389,-0.0913428572097943,1.42791008227589
"Belonging",3,29,4.3451724137931,1.50994706787465,4.33,4.4004,1.971858,1,7,6,-0.324293103464689,-0.760794117612701,0.280390131398431
"ClimateBL",4,27,2.46925925925926,0.980062501640843,2.33,2.44913043478261,0.978516,1,4.17,3.17,0.178607175054538,-1.14957558080014,0.188613116381666
