"","vars","n","mean","sd","median","trimmed","mad","min","max","range","skew","kurtosis","se"
"iBIPOC_pr",1,29,0.431034482758621,0.398452466194014,0.333333333333333,0.42,0.494199999999999,0,1,1,0.396754163299532,-1.4216851330447,0.0739907654573778
"cmBlack",2,31,7.7741935483871,8.63986758162166,5,6.48,7.413,0,29,29,1.06377925860414,-0.157640299254019,1.5517660264685
"Belonging",3,30,4.30033333333333,1.5038742687113,4.165,4.36166666666667,1.727229,1,7,6,-0.254659178897072,-0.814449698374937,0.274568620208255
"ClimateBL",4,28,2.48821428571429,0.966958015754978,2.5,2.47208333333333,1.230558,1,4.17,3.17,0.1285161064806,-1.12600965856779,0.182737888423439
